-- CREATE DATABASE
-- create database ThesisManagement
-- go

-- Data Source=DESKTOP-4FIVTNT\SQLEXPRESS;Initial Catalog=ThesisManagement;Integrated Security=True;Encrypt=False
-- Scaffold-DbContext "Data Source=DESKTOP-4FIVTNT\SQLEXPRESS;Initial Catalog=ThesisManagement;Integrated Security=True;Encrypt=False" Microsoft.EntityFrameworkCore.SqlServer -OutputDir Models

use ThesisManagement
go

drop table People, Thesis, Member, Task, Comment, Meeting, Evaluation, Notification, ThesisStatus, Technology, GiveUp

-- CREATE TABLE ACCOUNT
create table People (
    idaccount nvarchar(10) primary key not null,
    fullname nvarchar(50) not null,
    citizencode nvarchar(15) not null,
    birthday datetime not null,
    gender nvarchar(10) not null,
    email nvarchar(50) not null,
    phonenumber nvarchar(15) not null,
    handle nvarchar(50) not null,
    role nvarchar(10) not null,
    university nvarchar(100) not null,
    faculty nvarchar(50) not null,
    workcode nvarchar(20) not null,
    password nvarchar(50) not null,
    avatarname varchar(30) not null,
);

-- CREATE TABLE THESIS
create table Thesis (
    idthesis nvarchar(10) primary key not null,
    topic text not null,
    field nvarchar(50) not null,
    level nvarchar(10) not null,
    maxmembers int not null,
    description text not null,
    publishdate datetime not null,
    technology text not null,
    functions text not null,
    requirements text not null,
    idcreator nvarchar(10) not null,
    isfavorite bit not null default 0,
    status nvarchar(15) not null,
	idinstructor nvarchar(10) not null,
);

-- CREATE TABLE TEAM
create table Member
(
    idteam nvarchar(10) not null,
    idaccount nvarchar(10) not null,
    name nvarchar(50) not null,	
    created datetime not null,
    avatarname varchar(50) not null,
);

-- CREATE TABLE TASK
create table Task
(
	idtask nvarchar(10) not null,
	title text not null,
	description text not null,
	idcreator nvarchar(10) not null,
	idteam nvarchar(10) not null,
	isfavorite bit not null default 0,
	progress int not null,
	created datetime not null,
);

-- CRTEATE TABLE MEETING
create table Meeting
(
	idmeeting nvarchar(10) not null,
	idthesis nvarchar(10) not null,
	title text not null,
	description text not null,
	start datetime not null,
	theend datetime not null,
	location text not null,
	link text,
	idcreator nvarchar(10) not null,
	created datetime not null,
);

-- CREATE TABLE COMMENT
create table Comment
(
	idcomment nvarchar(10) not null,
	idtask nvarchar(10) not null,
	idcreator nvarchar(10) not null,
	content text not null,
	emoji varchar(20) not null,
	created datetime not null,
);

-- CREATE TABLE EVALUATION
create table Evaluation
(
	idevaluation nvarchar(10) not null,
	idtask nvarchar(10) not null,
	idpeople nvarchar(10) not null,
	content text,
	contribute int not null,
	scores float not null,
	created datetime not null,
	isevaluated bit not null default 0,
);

-- CREATE TABLE NOTIFICATION
create table Notification
(
	idnotification nvarchar(10) not null,
	idhost nvarchar(10) not null,
	idsender nvarchar(10) not null,
	idthesis nvarchar(10) not null,
	idobject nvarchar(10) not null,
	content text not null,
	type nvarchar(15) not null,
	created datetime not null,
	isfavorite bit not null default 0,
	issaw bit not null default 0,
);

-- CREATE TABLE THESISREGISTER
create table ThesisStatus
(
	idteam nvarchar(10) not null,
	idthesis nvarchar(10) not null,
	status nvarchar(15) not null,
);

-- CREATE TABLE TECHNOLOGY
create table Technology
(
	field nvarchar(50) not null,
	tech nvarchar(70) not null,
);

-- CREATE TABLE GIVEUP
create table GiveUp
(
	idthesis nvarchar(10) not null,
	idrepresent nvarchar(10) not null,
	idteam nvarchar(10) not null,
	reason text not null,
	created datetime not null,
);

-- INSERT TABLE GiveUp

INSERT INTO GiveUp
VALUES
	('244400008', '243300002', '245500011', 'Not enough energy and resources to continue', '2024-04-15 19:30:45');

-- INSERT TABLE Meeting

INSERT INTO Meeting
VALUES 
	('241100001', '244400004', 'Agree on solution strategy', 
	'At this meeting, the main strategy to solve the problem is brought up for discussion. Please read the draft in advance and report back to the person in charge.',
	'2024-05-15 09:00:00', '2024-05-15 11:00:00', 'Meeting Room - 3nd floor, Central Building', 
	'meet.google.com/dhe-tonw-wjr', '242200001', '2024-05-07 09:35:15'),
	('241100002', '244400004', 'Work assignment meeting', 
	'The class will assign tasks to members. Please read the expected roster in advance.',
	'2024-05-27 09:00:00', '2024-05-27 11:00:00', 'Meeting Room - 3nd floor, Central Building', 
	'meet.google.com/dhe-tonw-wjr', '242200001', '2024-05-08 17:10:35'),
	('241100003', '244400005', 'Agree on solution strategy', 
	'At this meeting, the main strategy to solve the problem is brought up for discussion. Please read the draft in advance and report back to the person in charge.',
	'2024-05-16 09:00:00', '2024-05-16 11:00:00', 'Meeting Room - 3nd floor, Central Building', 
	'meet.google.com/jbo-foov-rac', '242200001', '2024-05-07 19:35:15'),
	('241100004', '244400005', 'Work assignment meeting', 
	'The class will assign tasks to members. Please read the expected roster in advance.',
	'2024-05-29 09:00:00', '2024-05-29 11:00:00', 'Meeting Room - 3nd floor, Central Building', 
	'meet.google.com/jbo-foov-rac', '242200001', '2024-05-08 21:10:35');

-- Lecture 1 - 10
INSERT INTO People
VALUES 
    ('242200001', 'David Lee', '072352117212', '1995-03-15', 'Male', 'david@gmail.com', '0375676599', 'DavidLee', 'Lecture', 
     'HCM City University of Technology and Education', 'Faculty of Information Technology', '5373538693', 'abc', 'PicAvatarOne'),
    ('242200002', 'Alice Johnson', '095216398243', '1994-08-22', 'Female', 'alice@gmail.com', '0652145893', 'AliceJ', 'Lecture', 
     'HCM City University of Technology and Education', 'Faculty of Information Technology', '9236492347', 'abc', 'PicAvatarTwo'),
    ('242200003', 'John Smith', '093578641325', '1996-12-10', 'Male', 'john@gmail.com', '0845763214', 'JohnS', 'Lecture', 
     'HCM City University of Technology and Education', 'Faculty of Information Technology', '1325678942', 'abc', 'PicAvatarThree'),
    ('242200004', 'Emily Brown', '086547932156', '1993-05-29', 'Female', 'emily@gmail.com', '0213546879', 'EmilyB', 'Lecture', 
     'HCM City University of Technology and Education', 'Faculty of Information Technology', '4287651293', 'abc', 'PicAvatarFour'),
    ('242200005', 'Michael Davis', '073859216843', '1997-09-17', 'Male', 'michael@gmail.com', '0397546821', 'MichaelD', 'Lecture', 
     'HCM City University of Technology and Education', 'Faculty of Information Technology', '9284756123', 'abc', 'PicAvatarFive'),
    ('242200006', 'Sophia Taylor', '094621837595', '1992-11-05', 'Female', 'sophia@gmail.com', '0874651239', 'SophiaT', 'Lecture', 
     'HCM City University of Technology and Education', 'Faculty of Information Technology', '3547829101', 'abc', 'PicAvatarSix'),
    ('242200007', 'William Clark', '085239614780', '1998-02-25', 'Male', 'william@gmail.com', '0987543210', 'WilliamC', 'Lecture', 
     'HCM City University of Technology and Education', 'Faculty of Information Technology', '9134678251', 'abc', 'PicAvatarSeven'),
    ('242200008', 'Olivia Martinez', '092763514789', '1991-07-08', 'Female', 'olivia@gmail.com', '0239654781', 'OliviaM', 'Lecture', 
     'HCM City University of Technology and Education', 'Faculty of Information Technology', '7391856420', 'abc', 'PicAvatarEight'),
    ('242200009', 'Daniel Anderson', '083715932641', '1999-04-12', 'Male', 'daniel@gmail.com', '0946582713', 'DanielA', 'Lecture', 
     'HCM City University of Technology and Education', 'Faculty of Information Technology', '5281479632', 'abc', 'PicAvatarNine'),
    ('242200010', 'Isabella Wilson', '096347812530', '1990-10-03', 'Female', 'isabella@gmail.com', '0357894216', 'IsabellaW', 'Lecture', 
     'HCM City University of Technology and Education', 'Faculty of Information Technology', '3948572160', 'abc', 'PicAvatarTen');
	 
-- INSERT Student
-- delete from People where role = 'Student'
-- update People set password = '123abc' where role = 'Student'

-- Student 1 - 10
INSERT INTO People
VALUES 
    ('243300001', 'Emma Watson', '093482139832', '2003-03-15', 'Female', 'emma@gmail.com', '0976523421', 'EmmaW', 'Student', 
     'HCM City University of Technology and Education', 'Faculty of Information Technology', '5372535694', 'abc', 'PicAvatarSix'),
    ('243300002', 'Chris Evans', '096321587439', '2002-08-22', 'Male', 'chris@gmail.com', '0654321987', 'ChrisEvans', 'Student', 
     'HCM City University of Technology and Education', 'Faculty of Information Technology', '9236754210', 'abc', 'PicAvatarFive'),
    ('243300003', 'Scarlett Johansson', '093654827615', '2004-12-10', 'Female', 'scarlett@gmail.com', '0845672310', 'ScarlettJ', 'Student', 
     'HCM City University of Technology and Education', 'Faculty of Information Technology', '1325647892', 'abc', 'PicAvatarTwo'),
    ('243300004', 'Tom Holland', '096527384519', '2003-05-29', 'Male', 'tom@gmail.com', '0213546789', 'TomH', 'Student', 
     'HCM City University of Technology and Education', 'Faculty of Information Technology', '4287396152', 'abc', 'PicAvatarThree'),
    ('243300005', 'Zendaya', '093741258639', '2003-09-17', 'Female', 'zendaya@gmail.com', '0397546821', 'Zendaya', 'Student', 
     'HCM City University of Technology and Education', 'Faculty of Information Technology', '9284756123', 'abc', 'PicAvatarFour'),
    ('243300006', 'Robert Downey Jr.', '096374815236', '2002-11-05', 'Male', 'robert@gmail.com', '0874651239', 'RobertDJ', 'Student', 
     'HCM City University of Technology and Education', 'Faculty of Information Technology', '3547829101', 'abc', 'PicAvatarSix'),
    ('243300007', 'Gal Gadot', '095261398712', '2004-02-25', 'Female', 'gal@gmail.com', '0987543210', 'GalG', 'Student', 
     'HCM City University of Technology and Education', 'Faculty of Information Technology', '9134678251', 'abc', 'PicAvatarSeven'),
    ('243300008', 'Chris Pratt', '093658274916', '2001-07-08', 'Male', 'chrisp@gmail.com', '0239654781', 'ChrisP', 'Student', 
     'HCM City University of Technology and Education', 'Faculty of Information Technology', '7391856420', 'abc', 'PicAvatarEight'),
    ('243300009', 'Brie Larson', '096347819520', '2003-04-12', 'Female', 'brie@gmail.com', '0946582713', 'BrieL', 'Student', 
     'HCM City University of Technology and Education', 'Faculty of Information Technology', '5281479632', 'abc', 'PicAvatarNine'),
    ('243300010', 'Tom Hiddleston', '096347812530', '2002-10-03', 'Male', 'tomh@gmail.com', '0357894216', 'TomH', 'Student', 
     'HCM City University of Technology and Education', 'Faculty of Information Technology', '3948572160', 'abc', 'PicAvatarTen');
	 
-- Student 11 - 20
INSERT INTO People
VALUES 
    ('243300011', 'Natalie Portman', '093482139832', '2000-03-15', 'Female', 'natalie.portman@gmail.com', '0976523421', 'NatalieP', 'Student', 
     'HCM City University of Technology and Education', 'Faculty of Information Technology', '5372535694', 'abc', 'PicAvatarOne'),
    ('243300012', 'Brad Pitt', '096321587439', '2001-08-22', 'Male', 'brad.pitt@gmail.com', '0654321987', 'BradP', 'Student', 
     'HCM City University of Technology and Education', 'Faculty of Information Technology', '9236754210', 'abc', 'PicAvatarTwo'),
    ('243300013', 'Angelina Jolie', '093654827615', '2003-12-10', 'Female', 'angelina.jolie@gmail.com', '0845672310', 'AngelinaJ', 'Student', 
     'HCM City University of Technology and Education', 'Faculty of Information Technology', '1325647892', 'abc', 'PicAvatarTen'),
    ('243300014', 'Leonardo DiCaprio', '096527384519', '2000-05-29', 'Male', 'leonardo.dicaprio@gmail.com', '0213546789', 'LeonardoD', 'Student', 
     'HCM City University of Technology and Education', 'Faculty of Information Technology', '4287396152', 'abc', 'PicAvatarEight'),
    ('243300015', 'Emma Watson', '093741258639', '2000-09-17', 'Female', 'emma.watson@gmail.com', '0397546821', 'EmmaW', 'Student', 
     'HCM City University of Technology and Education', 'Faculty of Information Technology', '9284756123', 'abc', 'PicAvatarTen'),
    ('243300016', 'Chris Hemsworth', '096374815236', '2001-11-05', 'Male', 'chris.hemsworth@gmail.com', '0874651239', 'ChrisH', 'Student', 
     'HCM City University of Technology and Education', 'Faculty of Information Technology', '3547829101', 'abc', 'PicAvatarFive'),
    ('243300017', 'Jennifer Lawrence', '095261398712', '2003-02-25', 'Female', 'jennifer.lawrence@gmail.com', '0987543210', 'JenniferL', 'Student', 
     'HCM City University of Technology and Education', 'Faculty of Information Technology', '9134678251', 'abc', 'PicAvatarSix'),
    ('243300018', 'Matthew McConaughey', '093658274916', '2002-07-08', 'Male', 'matthew.mcconaughey@gmail.com', '0239654781', 'MatthewMc', 'Student', 
     'HCM City University of Technology and Education', 'Faculty of Information Technology', '7391856420', 'abc', 'PicAvatarSix'),
    ('243300019', 'Brie Larson', '096347819520', '2001-04-12', 'Female', 'brie.larson@gmail.com', '0946582713', 'BrieL', 'Student', 
     'HCM City University of Technology and Education', 'Faculty of Information Technology', '5281479632', 'abc', 'PicAvatarSeven'),
    ('243300020', 'Tom Hiddleston', '096347812530', '2000-10-03', 'Male', 'tom.hiddleston@gmail.com', '0357894216', 'TomH', 'Student', 
     'HCM City University of Technology and Education', 'Faculty of Information Technology', '3948572160', 'abc', 'PicAvatarTen');

-- INSERT TABLE Thesis

-- Thesis 1
INSERT INTO Thesis 
VALUES ('244400001', 
        'Building a model for applying information technology to serve the development of agriculture and rural industry', 
        'SoftwareDevelopment', 
        'Medium', 
		5, 
        'Building an information technology model to optimize agricultural management and development, enhancing production efficiency, service provision, and sustainable development in rural areas.', 
        '2024-03-15 19:30:45', 
        'Technologies include Artificial Intelligence, IoT, Blockchain, Big Data, and Machine Learning for production processes and resource management.', 
        'Functions include weather monitoring, crop management, sensor data recording, yield prediction, schedule and resource management, and farmer-market connectivity.', 
        'Requirements: Agricultural knowledge, programming skills, understanding of AI and data analysis, logical thinking, and creativity in technology application in agriculture.',
		'242200001', 1, 'Registered', '242200001');

-- Thesis 2
INSERT INTO Thesis 
VALUES ('244400002', 
        'Developing an AI-powered system for cybersecurity threat detection and prevention', 
        'SoftwareDevelopment', 
        'Difficult', 
        7, 
        'Creating an advanced AI system to detect and prevent cybersecurity threats in real-time, providing robust protection for sensitive data and networks.', 
        '2024-03-14 14:45:30', 
        'Technologies include Machine Learning, Deep Learning, Natural Language Processing, and Pattern Recognition for analyzing network traffic and identifying potential threats.', 
        'Functions include anomaly detection, intrusion detection, malware analysis, threat intelligence integration, and automated response mechanisms.', 
        'Requirements: Strong understanding of cybersecurity principles, programming expertise in Python or Java, familiarity with network protocols and security tools, and analytical skills.',
		'242200001', 0, 'Registered', '242200001');

-- Thesis 3
INSERT INTO Thesis 
VALUES ('244400003', 
        'Utilizing data science techniques for predictive maintenance in manufacturing industries', 
        'DataScienceAndAnalytics', 
        'Medium', 
        4, 
        'Implementing data science methods to predict machinery failures and optimize maintenance schedules in manufacturing plants, reducing downtime and improving productivity.', 
        '2024-03-13 10:20:15', 
        'Technologies include Predictive Analytics, Machine Learning, Data Visualization, and Time Series Analysis for analyzing equipment sensor data and predicting maintenance needs.', 
        'Functions include data preprocessing, model training, feature selection, anomaly detection, and maintenance schedule optimization.', 
        'Requirements: Understanding of manufacturing processes, proficiency in data analysis tools like Python or R, knowledge of statistical techniques, and familiarity with industrial sensors and IoT.',
		'242200001', 1, 'Registered', '242200001');

-- Thesis 4
INSERT INTO Thesis 
VALUES ('244400004', 
        'Developing a chatbot using artificial intelligence for customer service', 
        'ArtificialIntelligenceAndMachineLearning', 
        'Easy', 
        3, 
        'Creating an AI-powered chatbot to handle customer inquiries, provide assistance, and streamline customer service operations for businesses.', 
        '2024-03-12 08:55:10', 
        'Technologies include Natural Language Processing, Machine Learning algorithms, and Chatbot frameworks for understanding user queries and generating appropriate responses.', 
        'Functions include intent recognition, context handling, response generation, and integration with backend systems.', 
        'Requirements: Proficiency in NLP libraries like NLTK or spaCy, experience in building chatbots using frameworks like Dialogflow or Rasa, and knowledge of RESTful APIs for backend integration.',
		'242200001', 0, 'Processing', '242200001');

-- Thesis 5
INSERT INTO Thesis 
VALUES ('244400005', 
        'Implementing cloud computing solutions for efficient data storage and processing', 
        'CloudComputing', 
        'Medium', 
        6, 
        'Deploying cloud-based infrastructure for storing and processing large volumes of data, ensuring scalability, reliability, and cost-effectiveness for businesses.', 
        '2024-03-11 12:30:25', 
        'Technologies include AWS, Azure, Google Cloud Platform, and Kubernetes for building scalable and resilient cloud architectures.', 
        'Functions include data migration, cluster management, performance optimization, security configuration, and cost monitoring.', 
        'Requirements: Familiarity with cloud platforms, experience in deploying and managing cloud services, understanding of networking and security principles, and knowledge of DevOps practices.',
		'242200001', 1, 'Processing', '242200001');

-- Thesis 6
INSERT INTO Thesis 
VALUES ('244400006', 
        'Creating IoT applications for smart energy management in buildings', 
        'InternetOfThings', 
        'Medium', 
        5, 
        'Developing IoT-based solutions to optimize energy consumption, monitor equipment performance, and automate energy-saving processes in residential and commercial buildings.', 
        '2024-03-10 15:20:40', 
        'Technologies include Arduino, Raspberry Pi, MQTT, and Zigbee for building IoT devices and communication protocols.', 
        'Functions include sensor integration, real-time data processing, energy usage analysis, automated control systems, and user interface design for energy monitoring.', 
        'Requirements: Knowledge of IoT protocols and platforms, proficiency in hardware programming, experience in energy management systems, and understanding of building automation principles.',
		'242200001', 1, 'Completed', '242200001');

-- Thesis 7
INSERT INTO Thesis 
VALUES ('244400007', 
        'Developing mobile applications for remote healthcare monitoring', 
        'MobileDevelopment', 
        'Medium', 
        4, 
        'Designing mobile apps to remotely monitor patients health status, track medication adherence, and facilitate communication between healthcare providers and patients.', 
        '2024-04-09 18:10:55', 
        'Technologies include Android Studio, Swift, Firebase, and HealthKit for building cross-platform mobile applications with health monitoring features.', 
        'Functions include user authentication, data encryption, real-time health data synchronization, medication reminders, and emergency alert systems.', 
        'Requirements: Proficiency in mobile app development frameworks, knowledge of healthcare regulations, experience in HIPAA compliance, and understanding of medical data privacy.',
		'242200001', 1, 'Completed', '242200001');

-- Thesis 8
INSERT INTO Thesis 
VALUES ('244400008', 
        'Developing responsive web interfaces for online education platforms', 
        'WebDevelopment', 
        'Medium', 
        6, 
        'Creating user-friendly web interfaces for online learning platforms, ensuring accessibility, interactivity, and engagement for learners of all ages.', 
        '2024-04-08 09:40:20', 
        'Technologies include HTML5, CSS3, JavaScript, React, and Node.js for building modern, responsive web interfaces and interactive learning modules.', 
        'Functions include frontend development, UI/UX design, content management, gamification features, and integration with learning management systems.', 
        'Requirements: Proficiency in web development technologies, understanding of educational principles, experience in UX/UI design, and familiarity with e-learning standards.',
		'242200001', 1, 'GiveUp', '242200001');

-- Thesis 9
INSERT INTO Thesis 
VALUES ('244400009', 
        'Exploring the potential of blockchain technology for supply chain transparency', 
        'BlockchainTechnology', 
        'Difficult', 
        8, 
        'Investigating how blockchain can enhance supply chain transparency, traceability, and accountability, improving trust and efficiency in global supply networks.', 
        '2024-04-07 11:50:35', 
        'Technologies include Ethereum, Hyperledger Fabric, and Solidity for building decentralized applications and smart contracts to track and verify supply chain transactions.', 
        'Functions include blockchain architecture design, smart contract development, consensus mechanism implementation, and integration with existing supply chain systems.', 
        'Requirements: Understanding of blockchain principles, proficiency in smart contract programming, knowledge of supply chain management, and familiarity with cryptographic techniques.',
		'242200001', 1, 'Published', '242200001');

-- Thesis 10
INSERT INTO Thesis 
VALUES ('244400010', 
        'Advancing human-computer interaction through augmented reality interfaces', 
        'HumanComputerInteraction', 
        'Medium', 
        5, 
        'Exploring novel ways to interact with computers using augmented reality interfaces, enhancing user experience and productivity in various domains such as gaming, education, and healthcare.', 
        '2024-03-06 14:25:50', 
        'Technologies include Unity3D, ARKit, ARCore, and Vuforia for developing immersive AR experiences and intuitive user interfaces for AR applications.', 
        'Functions include gesture recognition, object tracking, spatial mapping, user feedback analysis, and usability testing for AR interfaces.', 
        'Requirements: Proficiency in AR development frameworks, understanding of human-centered design principles, experience in UI/UX design, and creativity in AR content creation.',
		'242200001', 0, 'Published', '242200001');

-- INSERT TABLE Member

INSERT INTO Member
VALUES 
('245500001', '243300001', 'Code Crusaders', '2024-03-25', 'PicAvatarOne'),
('245500001', '243300002', 'Code Crusaders', '2024-03-25', 'PicAvatarOne'),
('245500001', '243300003', 'Code Crusaders', '2024-03-25', 'PicAvatarOne'),
('245500002', '243300004', 'Digital Dynamos', '2024-03-25', 'PicAvatarTwo'),
('245500002', '243300005', 'Digital Dynamos', '2024-03-25', 'PicAvatarTwo'),
('245500002', '243300006', 'Digital Dynamos', '2024-03-26', 'PicAvatarTwo'),
('245500003', '243300007', 'Byte Busterss', '2024-03-26', 'PicAvatarThree'),
('245500003', '243300008', 'Byte Busters', '2024-03-26', 'PicAvatarThree'),
('245500004', '243300009', 'Tech Titan', '2024-03-27', 'PicAvatarFour'),
('245500004', '243300010', 'Tech Titan', '2024-03-27', 'PicAvatarFour'),
('245500005', '243300011', 'Cyber Savants', '2024-03-28', 'PicAvatarFive'),
('245500005', '243300012', 'Cyber Savants', '2024-03-28', 'PicAvatarFive'),
('245500006', '243300013', 'Data Wizards', '2024-03-20', 'PicAvatarNine'),
('245500007', '243300020', 'Network Ninjas', '2024-03-20', 'PicAvatarTen'),
('245500008', '243300015', 'Innovation Squad', '2024-03-21', 'PicAvatarSeven'),
('245500008', '243300016', 'Innovation Squad', '2024-03-22', 'PicAvatarSeven'),
('245500008', '243300017', 'Innovation Squad', '2024-03-23', 'PicAvatarSeven'),
('245500009', '243300018', 'Digital Mavericks', '2024-03-24', 'PicAvatarSix'),
('245500009', '243300002', 'Digital Mavericks', '2024-03-25', 'PicAvatarSix'),
('245500009', '243300019', 'Digital Mavericks', '2024-03-25', 'PicAvatarSix'),
('245500010', '243300020', 'Pixel Pioneers', '2024-03-26', 'PicAvatarTen'),
('245500011', '243300005', 'Basic Algorithm', '2024-04-8', 'PicAvatarFour'),
('245500011', '243300002', 'Basic Algorithm', '2024-04-9', 'PicAvatarFour'),
('245500011', '243300009', 'Basic Algorithm', '2024-04-10', 'PicAvatarFour');


-- INSERT TABLE ThesisStatus

INSERT INTO ThesisStatus
VALUES 
('245500001', '244400001', 'Registered'),
('245500002', '244400002', 'Registered'),
('245500003', '244400001', 'Registered'),
('245500004', '244400002', 'Registered'),
('245500005', '244400001', 'Registered'),
('245500006', '244400003', 'Registered'),
('245500007', '244400007', 'Completed'),
('245500008', '244400004', 'Processing'),
('245500009', '244400005', 'Processing'),
('245500010', '244400006', 'Completed'),
('245500011', '244400008', 'GiveUp');

-- INSERT TABLE Task
INSERT INTO Task
VALUES 
	('246600001', 'Design conversation flow for the chatbot', 
	 'Create a structured conversation flow for the chatbot to handle various customer inquiries and provide appropriate assistance.', 
	 '242200001', '245500008', 1, 40, '2024-04-07'),
	('246600002', 'Implement natural language processing (NLP)', 
	 'Integrate NLP algorithms and techniques to enable the chatbot to understand and interpret natural language input from customers.', 
	 '242200001', '245500008', 0, 30, '2024-04-07'),
	('246600003', 'Develop backend infrastructure for the chatbot', 
	 'Build the backend systems and APIs required to support the functionality of the chatbot, including data storage, retrieval, and integration with other systems.', 
	 '242200001', '245500008', 1, 75, '2024-04-07'),
	('246600004', 'Train and optimize the chatbot model', 
	 'Collect and preprocess training data, train machine learning models for the chatbot, and optimize them for accuracy and performance.', 
	 '242200001', '245500008', 1, 100, '2024-04-06'),
	('246600005', 'Deploy and monitor the chatbot in production', 
	 'Deploy the chatbot to production environments, set up monitoring and logging systems to track performance and user interactions, and iterate based on feedback.', 
	 '242200001', '245500008', 0, 75, '2024-04-06'),
	('246600006', 'Integrate chatbot with customer support platforms', 
	 'Integrate the chatbot with existing customer support platforms such as Zendesk or Freshdesk to facilitate seamless communication and ticket handling.', 
	 '242200001', '245500008', 0, 50, '2024-04-05'),
	('246600007', 'Implement multi-channel support for the chatbot', 
	 'Extend the chatbot capabilities to support communication across various channels including web chat, mobile apps, and social media platforms.', 
	 '242200001', '245500008', 0, 75, '2024-04-05'),
	('246600008', 'Enhance chatbot with sentiment analysis', 
	 'Incorporate sentiment analysis algorithms to enable the chatbot to understand and respond appropriately to the emotional tone of customer inquiries.', 
	 '242200001', '245500008', 1, 100, '2024-04-04');

INSERT INTO Task
VALUES 
    ('246600009', 'Research cloud storage solutions', 
    'Conduct research on various cloud storage solutions available in the market to determine their features, pricing, and suitability for the project requirements.', 
    '242200001', '245500009', 1, 75, '2024-04-07'),
    ('246600010', 'Design data architecture for cloud storage', 
    'Design a scalable and efficient data architecture optimized for cloud storage, considering factors such as data redundancy, accessibility, and security.', 
    '242200001', '245500009', 1, 30, '2024-04-07'),
    ('246600011', 'Implement data migration to the cloud', 
    'Plan and execute the migration of existing data from on-premises storage systems to the selected cloud storage solution, ensuring minimal downtime and data integrity.', 
    '242200001', '245500009', 0, 75, '2024-04-07'),
    ('246600012', 'Set up cloud-based data processing pipelines', 
    'Configure and deploy data processing pipelines on the cloud platform to enable efficient processing of large volumes of data, leveraging services such as AWS Lambda or Google Cloud Dataflow.', 
    '242200001', '245500009', 1, 50, '2024-04-06'),
    ('246600013', 'Optimize data storage and retrieval performance', 
    'Implement optimization techniques such as data partitioning and indexing to improve the performance of data storage and retrieval operations on the cloud platform.', 
    '242200001', '245500009', 0, 40, '2024-04-06'),
    ('246600014', 'Implement data backup and disaster recovery strategies', 
    'Develop and implement backup and disaster recovery strategies to ensure data availability and integrity in the event of hardware failures or natural disasters.', 
    '242200001', '245500009', 1, 100, '2024-04-05'),
    ('246600015', 'Monitor and optimize cloud resource usage', 
    'Set up monitoring tools to track resource usage and performance metrics in the cloud environment, and implement optimization strategies to reduce costs and improve efficiency.', 
    '242200001', '245500009', 0, 75, '2024-04-05'),
    ('246600016', 'Document and present cloud implementation', 
    'Create comprehensive documentation outlining the cloud computing solutions implemented, including architecture diagrams, configuration details, and performance benchmarks.', 
    '242200001', '245500009', 1, 100, '2024-04-04');

INSERT INTO Task
VALUES 
    ('246600017', 'Research IoT devices for energy monitoring', 
    'Conduct research on IoT devices and sensors suitable for monitoring energy consumption in buildings, considering factors such as accuracy, compatibility, and cost-effectiveness.', 
    '242200001', '245500010', 1, 70, '2024-04-06'),
    ('246600018', 'Design IoT system architecture', 
    'Design the architecture for the IoT system that will collect, transmit, and analyze energy consumption data from various sensors deployed in buildings.', 
    '242200001', '245500010', 1, 80, '2024-04-05'),
    ('246600019', 'Develop IoT data acquisition module', 
    'Develop software modules to acquire data from IoT sensors, preprocess it if necessary, and transmit it to the central data collection and analysis system.', 
    '242200001', '245500010', 0, 100, '2024-04-05'),
    ('246600020', 'Implement energy consumption analytics', 
    'Implement algorithms and analytics tools to analyze the energy consumption data collected by the IoT system, identify patterns, and suggest energy-saving measures.', 
    '242200001', '245500010', 1, 80, '2024-04-04'),
    ('246600021', 'Integrate IoT system with building management systems', 
    'Integrate the IoT energy management system with existing building management systems to enable centralized monitoring and control of energy usage.', 
    '242200001', '245500010', 0, 70, '2024-04-03'),
    ('246600022', 'Test and validate IoT application in real-world scenarios', 
    'Conduct thorough testing of the IoT application in real-world building environments to validate its performance, reliability, and effectiveness in optimizing energy management.', 
    '242200001', '245500010', 1, 100, '2024-04-02');
	
INSERT INTO Task
VALUES 
    ('246600023', 'Research healthcare monitoring requirements', 
    'Conduct research on healthcare monitoring requirements for remote patient monitoring, including vital signs tracking, medication adherence, and symptom reporting.', 
    '242200001', '245500007', 1, 70, '2024-04-07'),
    ('246600024', 'Design user interface for mobile app', 
    'Design intuitive and user-friendly interfaces for the mobile application, considering the needs of both patients and healthcare providers for easy navigation and data input.', 
    '242200001', '245500007', 1, 80, '2024-04-06'),
    ('246600025', 'Develop backend system for data storage', 
    'Develop the backend system to securely store and manage healthcare data collected from mobile devices, ensuring compliance with privacy and security regulations.', 
    '242200001', '245500007', 0, 100, '2024-04-06'),
    ('246600026', 'Implement real-time data synchronization', 
    'Implement mechanisms for real-time data synchronization between the mobile application and the backend system to ensure up-to-date information for both patients and healthcare providers.', 
    '242200001', '245500007', 1, 80, '2024-04-05'),
    ('246600027', 'Integrate health monitoring devices with mobile app', 
    'Integrate various health monitoring devices such as wearable sensors and Bluetooth-enabled medical devices with the mobile application to enable seamless data collection.', 
    '242200001', '245500007', 0, 70, '2024-04-03'),
    ('246600028', 'Test and validate mobile app for reliability and usability', 
    'Conduct rigorous testing of the mobile application to ensure reliability, usability, and compatibility across different mobile devices and operating systems.', 
    '242200001', '245500007', 1, 100, '2024-04-03');

-- INSERT TABLE Comment
INSERT INTO Comment
VALUES 
	('247700001', '246600001', '243300015', 
	'I think we need to reconsider our approach.', 
	'EmojiLike', '2024-04-05 17:35:24'),
	('247700002', '246600001', '243300016', 
	'I like how you structured the flow, very intuitive! The way you designed the options for user interactions is impressive. Keep up the good work!', 
	'EmojiLike', '2024-04-05 17:35:24'),
	('247700003', '246600001', '243300017', 
	'Could you please provide more details?', 
	'EmojiLike', '2024-04-05 17:35:24'),
	('247700004', '246600001', '242200001', 
	'Let''s discuss this in our next meeting.', 
	'EmojiLike', '2024-04-05 17:35:24'),
	('247700005', '246600001', '243300016', 
	'I agree. We should also consider alternative solutions.', 
	'EmojiLike', '2024-04-05 17:35:24'),

	('247700006', '246600002', '243300015', 
	'Thanks for your effort.', 
	'EmojiLike', '2024-04-05 17:35:24'),
	('247700007', '246600002', '243300016', 
	'Great job!', 
	'EmojiLike', '2024-04-05 17:35:24'),
	('247700008', '246600002', '243300017', 
	'Your dedication to this task is appreciated.', 
	'EmojiLike', '2024-04-05 17:35:24'),
	('247700009', '246600002', '242200001', 
	'I am impressed by the progress you have made on this project. Keep up the good work!', 
	'EmojiLike', '2024-04-05 17:35:24'),
	('247700010', '246600002', '243300016', 
	'Your contributions have been invaluable to the success of this project. Thank you!', 
	'EmojiLike', '2024-04-05 17:35:24'),

	('247700011', '246600003', '243300015', 
	'Thanks for your effort.', 
	'EmojiLike', '2024-04-05 17:35:24'),
	('247700012', '246600003', '243300016', 
	'Great job!', 
	'EmojiLike', '2024-04-05 17:35:24'),
	('247700013', '246600003', '243300017', 
	'Your dedication to this task is appreciated.', 
	'EmojiLike', '2024-04-05 17:35:24'),
	('247700014', '246600003', '242200001', 
	'Your efforts in developing the backend infrastructure are appreciated.', 
	'EmojiLike', '2024-04-05 17:35:24'),
	('247700015', '246600003', '243300016', 
	'Good progress has been made in developing the backend infrastructure.', 
	'EmojiLike', '2024-04-05 17:35:24'),

	('247700016', '246600004', '243300015', 
	'The chatbot model training process is underway.', 
	'EmojiLike', '2024-04-05 17:35:24'),
	('247700017', '246600004', '243300016', 
	'Excited to see the improvements in the chatbot model.', 
	'EmojiLike', '2024-04-05 17:35:24'),
	('247700018', '246600004', '243300017', 
	'The chatbot model training is progressing smoothly.', 
	'EmojiLike', '2024-04-05 17:35:24'),
	('247700019', '246600004', '242200001', 
	'The training phase for the chatbot model is crucial for its performance.', 
	'EmojiLike', '2024-04-05 17:35:24'),
	('247700020', '246600004', '243300016', 
	'Optimizing the chatbot model for better performance is essential.', 
	'EmojiLike', '2024-04-05 17:35:24'),

	('247700021', '246600005', '243300015', 
	'Deployment of the chatbot in production is a critical step.', 
	'EmojiLike', '2024-04-05 17:35:24'),
	('247700022', '246600005', '243300016', 
	'Ensuring smooth deployment of the chatbot is essential.', 
	'EmojiLike', '2024-04-05 17:35:24'),
	('247700023', '246600005', '243300017', 
	'Looking forward to the production deployment of the chatbot.', 
	'EmojiLike', '2024-04-05 17:35:24'),
	('247700024', '246600005', '242200001', 
	'Your efforts in deploying the chatbot in production are appreciated.', 
	'EmojiLike', '2024-04-05 17:35:24'),
	('247700025', '246600005', '243300016', 
	'Excited to see the chatbot in action in the production environment.', 
	'EmojiLike', '2024-04-05 17:35:24'),

	('247700026', '246600006', '243300015', 
	'Integration of the chatbot with customer support platforms is crucial.', 
	'EmojiLike', '2024-04-05 17:35:24'),
	('247700027', '246600006', '243300016', 
	'Looking forward to seamless integration with customer support platforms.', 
	'EmojiLike', '2024-04-05 17:35:24'),
	('247700028', '246600006', '243300017', 
	'The integration process of the chatbot with customer support platforms is progressing well.', 
	'EmojiLike', '2024-04-05 17:35:24'),
	('247700029', '246600006', '242200001', 
	'Your efforts in integrating the chatbot with customer support platforms are appreciated.', 
	'EmojiLike', '2024-04-05 17:35:24'),
	('247700030', '246600006', '243300016', 
	'Integration with customer support platforms will enhance the chatbot''s capabilities.', 
	'EmojiLike', '2024-04-05 17:35:24'),

	('247700031', '246600007', '243300015', 
	'Implementing multi-channel support for the chatbot is a key requirement.', 
	'EmojiLike', '2024-04-05 17:35:24'),
	('247700032', '246600007', '243300016', 
	'Looking forward to seeing the chatbot support multiple channels seamlessly.', 
	'EmojiLike', '2024-04-05 17:35:24'),
	('247700033', '246600007', '243300017', 
	'The implementation of multi-channel support for the chatbot is progressing well.', 
	'EmojiLike', '2024-04-05 17:35:24'),
	('247700034', '246600007', '242200001', 
	'Your efforts in implementing multi-channel support for the chatbot are appreciated.', 
	'EmojiLike', '2024-04-05 17:35:24'),
	('247700035', '246600007', '243300016', 
	'Excited to see the chatbot supporting multiple channels for enhanced user engagement.', 
	'EmojiLike', '2024-04-05 17:35:24'),

	('247700036', '246600008', '243300015', 
	'Enhancing the chatbot with sentiment analysis will improve user interaction.', 
	'EmojiLike', '2024-04-05 17:35:24'),
	('247700037', '246600008', '243300016', 
	'Looking forward to seeing how sentiment analysis enhances the chatbot.', 
	'EmojiLike', '2024-04-05 17:35:24'),
	('247700038', '246600008', '243300017', 
	'The enhancement of the chatbot with sentiment analysis is progressing well.', 
	'EmojiLike', '2024-04-05 17:35:24'),
	('247700039', '246600008', '242200001', 
	'Your efforts in enhancing the chatbot with sentiment analysis are appreciated.', 
	'EmojiLike', '2024-04-05 17:35:24'),
	('247700040', '246600008', '243300016', 
	'Sentiment analysis will provide valuable insights for improving the chatbot.', 
	'EmojiLike', '2024-04-05 17:35:24');

INSERT INTO Comment
VALUES 
	('247700041', '246600009', '243300018', 
	'Researching cloud storage solutions.', 
	'EmojiLike', '2024-04-05 17:35:24'),
	('247700042', '246600009', '243300019', 
	'Looking into various options for cloud storage solutions.', 
	'EmojiLike', '2024-04-05 17:35:24'),
	('247700043', '246600009', '243300002', 
	'Reviewing potential cloud storage solutions for our needs.', 
	'EmojiLike', '2024-04-05 17:35:24'),
	('247700044', '246600009', '242200001', 
	'Your efforts in researching cloud storage solutions are appreciated.', 
	'EmojiLike', '2024-04-05 17:35:24'),
	('247700045', '246600009', '243300018', 
	'Researching cloud storage options to find the best fit for our requirements.', 
	'EmojiLike', '2024-04-05 17:35:24'),

	('247700046', '246600010', '243300018', 
	'Designing the data architecture for cloud storage.', 
	'EmojiLike', '2024-04-05 17:35:24'),
	('247700047', '246600010', '243300019', 
	'Planning the data architecture to support cloud storage.', 
	'EmojiLike', '2024-04-05 17:35:24'),
	('247700048', '246600010', '243300002', 
	'Defining the data architecture requirements for cloud storage.', 
	'EmojiLike', '2024-04-05 17:35:24'),
	('247700049', '246600010', '242200001', 
	'Your efforts in designing the data architecture for cloud storage are appreciated.', 
	'EmojiLike', '2024-04-05 17:35:24'),
	('247700050', '246600010', '243300018', 
	'Developing a robust data architecture for effective cloud storage management.', 
	'EmojiLike', '2024-04-05 17:35:24'),

	('247700051', '246600011', '243300018', 
	'Implementing data migration to the cloud.', 
	'EmojiLike', '2024-04-05 17:35:24'),
	('247700052', '246600011', '243300019', 
	'Migrating data to the cloud for better scalability and accessibility.', 
	'EmojiLike', '2024-04-05 17:35:24'),
	('247700053', '246600011', '243300002', 
	'Setting up processes for seamless data migration to the cloud.', 
	'EmojiLike', '2024-04-05 17:35:24'),
	('247700054', '246600011', '242200001', 
	'Your efforts in implementing data migration to the cloud are appreciated.', 
	'EmojiLike', '2024-04-05 17:35:24'),
	('247700055', '246600011', '243300018', 
	'Executing data migration strategies to ensure smooth transition to the cloud.', 
	'EmojiLike', '2024-04-05 17:35:24'),

	('247700056', '246600012', '243300018', 
	'Setting up cloud-based data processing pipelines.', 
	'EmojiLike', '2024-04-05 17:35:24'),
	('247700057', '246600012', '243300019', 
	'Configuring data processing pipelines for optimal performance in the cloud.', 
	'EmojiLike', '2024-04-05 17:35:24'),
	('247700058', '246600012', '243300002', 
	'Implementing data processing pipelines tailored for cloud environments.', 
	'EmojiLike', '2024-04-05 17:35:24'),
	('247700059', '246600012', '242200001', 
	'Your efforts in setting up cloud-based data processing pipelines are appreciated.', 
	'EmojiLike', '2024-04-05 17:35:24'),
	('247700060', '246600012', '243300018', 
	'Building efficient data processing pipelines to handle cloud-based workloads.', 
	'EmojiLike', '2024-04-05 17:35:24'),

	('247700061', '246600013', '243300018', 
	'Optimizing data storage and retrieval performance for cloud environments.', 
	'EmojiLike', '2024-04-05 17:35:24'),
	('247700062', '246600013', '243300019', 
	'Enhancing data storage and retrieval mechanisms for cloud-based applications.', 
	'EmojiLike', '2024-04-05 17:35:24'),
	('247700063', '246600013', '243300002', 
	'Fine-tuning data storage and retrieval processes for cloud deployment.', 
	'EmojiLike', '2024-04-05 17:35:24'),
	('247700064', '246600013', '242200001', 
	'Your efforts in optimizing data storage and retrieval performance are appreciated.', 
	'EmojiLike', '2024-04-05 17:35:24'),
	('247700065', '246600013', '243300018', 
	'Improving data storage and retrieval efficiency to meet cloud workload demands.', 
	'EmojiLike', '2024-04-05 17:35:24'),

	('247700066', '246600014', '243300018', 
	'Implementing data backup strategies for cloud environments.', 
	'EmojiLike', '2024-04-05 17:35:24'),
	('247700067', '246600014', '243300019', 
	'Establishing data backup mechanisms to safeguard cloud-based data.', 
	'EmojiLike', '2024-04-05 17:35:24'),
	('247700068', '246600014', '243300002', 
	'Setting up automated data backup processes for cloud deployments.', 
	'EmojiLike', '2024-04-05 17:35:24'),
	('247700069', '246600014', '242200001', 
	'Your efforts in implementing data backup strategies for the cloud are appreciated.', 
	'EmojiLike', '2024-04-05 17:35:24'),
	('247700070', '246600014', '243300018', 
	'Developing robust data backup solutions to ensure data integrity in the cloud.', 
	'EmojiLike', '2024-04-05 17:35:24'),

	('247700071', '246600015', '243300018', 
	'Monitoring cloud resource usage and optimizing performance.', 
	'EmojiLike', '2024-04-05 17:35:24'),
	('247700072', '246600015', '243300019', 
	'Ensuring efficient utilization of cloud resources for cost optimization.', 
	'EmojiLike', '2024-04-05 17:35:24'),
	('247700073', '246600015', '243300002', 
	'Implementing monitoring tools to track cloud resource consumption.', 
	'EmojiLike', '2024-04-05 17:35:24'),
	('247700074', '246600015', '242200001', 
	'Your efforts in monitoring and optimizing cloud resource usage are appreciated.', 
	'EmojiLike', '2024-04-05 17:35:24'),
	('247700075', '246600015', '243300018', 
	'Optimizing cloud resource usage to ensure cost-effectiveness and performance.', 
	'EmojiLike', '2024-04-05 17:35:24'),

	('247700076', '246600016', '243300018', 
	'Documenting cloud implementation details for reference and future use.', 
	'EmojiLike', '2024-04-05 17:35:24'),
	('247700077', '246600016', '243300019', 
	'Preparing documentation to illustrate the cloud implementation process.', 
	'EmojiLike', '2024-04-05 17:35:24'),
	('247700078', '246600016', '243300002', 
	'Creating comprehensive documentation for the cloud implementation project.', 
	'EmojiLike', '2024-04-05 17:35:24'),
	('247700079', '246600016', '242200001', 
	'Your efforts in documenting and presenting cloud implementation details are appreciated.', 
	'EmojiLike', '2024-04-05 17:35:24'),
	('247700080', '246600016', '243300018', 
	'Developing clear and concise documentation to support the cloud implementation process.', 
	'EmojiLike', '2024-04-05 17:35:24');

INSERT INTO Comment
VALUES 
	('247700081', '246600017', '243300020', 
	'IoT devices play a crucial role in energy monitoring solutions.', 
	'EmojiLike', '2024-04-05 17:35:24'),
	('247700082', '246600017', '242200001', 
	'The research on IoT devices for energy monitoring is progressing well.', 
	'EmojiLike', '2024-04-05 17:35:24'),
	('247700083', '246600017', '243300020', 
	'Exploring various IoT devices for energy monitoring is an exciting challenge.', 
	'EmojiLike', '2024-04-05 17:35:24'),
	('247700084', '246600017', '242200001', 
	'The use of IoT devices brings new possibilities to energy monitoring solutions.', 
	'EmojiLike', '2024-04-05 17:35:24'),
	('247700085', '246600017', '243300020', 
	'IoT devices enable real-time monitoring and analysis of energy consumption.', 
	'EmojiLike', '2024-04-05 17:35:24'),

	('247700086', '246600018', '243300020', 
	'The design of IoT system architecture requires careful planning and consideration.', 
	'EmojiLike', '2024-04-05 17:35:24'),
	('247700087', '246600018', '242200001', 
	'Designing a scalable IoT system architecture is essential for future expansion.', 
	'EmojiLike', '2024-04-05 17:35:24'),
	('247700088', '246600018', '243300020', 
	'Architecting an IoT system involves integrating various components seamlessly.', 
	'EmojiLike', '2024-04-05 17:35:24'),
	('247700089', '246600018', '242200001', 
	'The design of IoT system architecture lays the foundation for reliable operation.', 
	'EmojiLike', '2024-04-05 17:35:24'),
	('247700090', '246600018', '243300020', 
	'Building a resilient IoT system architecture requires robust design principles.', 
	'EmojiLike', '2024-04-05 17:35:24'),

	('247700091', '246600019', '243300020', 
	'Developing an IoT data acquisition module demands attention to detail.', 
	'EmojiLike', '2024-04-05 17:35:24'),
	('247700092', '246600019', '242200001', 
	'Creating a flexible IoT data acquisition module is key to adaptability.', 
	'EmojiLike', '2024-04-05 17:35:24'),
	('247700093', '246600019', '243300020', 
	'The development of an IoT data acquisition module involves complex algorithms.', 
	'EmojiLike', '2024-04-05 17:35:24'),
	('247700094', '246600019', '242200001', 
	'Ensuring compatibility with various IoT devices is a priority in module development.', 
	'EmojiLike', '2024-04-05 17:35:24'),
	('247700095', '246600019', '243300020', 
	'Developing a reliable IoT data acquisition module is crucial for accurate data collection.', 
	'EmojiLike', '2024-04-05 17:35:24'),

	('247700096', '246600020', '243300020', 
	'Implementing energy consumption analytics requires advanced data processing techniques.', 
	'EmojiLike', '2024-04-05 17:35:24'),
	('247700097', '246600020', '242200001', 
	'The implementation of energy consumption analytics enhances decision-making processes.', 
	'EmojiLike', '2024-04-05 17:35:24'),
	('247700098', '246600020', '243300020', 
	'Analyzing energy consumption patterns helps identify areas for improvement.', 
	'EmojiLike', '2024-04-05 17:35:24'),
	('247700099', '246600020', '242200001', 
	'Energy consumption analytics provide insights into optimizing resource usage.', 
	'EmojiLike', '2024-04-05 17:35:24'),
	('247700100', '246600020', '243300020', 
	'Implementing analytics tools facilitates proactive energy management strategies.', 
	'EmojiLike', '2024-04-05 17:35:24'),

	('247700101', '246600021', '243300020', 
	'Integrating IoT system with building management systems requires seamless connectivity.', 
	'EmojiLike', '2024-04-05 17:35:24'),
	('247700102', '246600021', '242200001', 
	'Integration with building management systems enhances overall efficiency.', 
	'EmojiLike', '2024-04-05 17:35:24'),
	('247700103', '246600021', '243300020', 
	'The integration process ensures interoperability between IoT and building systems.', 
	'EmojiLike', '2024-04-05 17:35:24'),
	('247700104', '246600021', '242200001', 
	'Integrating with building management systems streamlines facility operations.', 
	'EmojiLike', '2024-04-05 17:35:24'),
	('247700105', '246600021', '243300020', 
	'Integration of IoT system with building management enhances automation capabilities.', 
	'EmojiLike', '2024-04-05 17:35:24'),

	('247700106', '246600022', '243300020', 
	'Testing IoT applications in real-world scenarios validates performance under various conditions.', 
	'EmojiLike', '2024-04-05 17:35:24'),
	('247700107', '246600022', '242200001', 
	'Real-world testing provides valuable insights into application behavior.', 
	'EmojiLike', '2024-04-05 17:35:24'),
	('247700108', '246600022', '243300020', 
	'Testing in real-world environments ensures reliability and robustness.', 
	'EmojiLike', '2024-04-05 17:35:24'),
	('247700109', '246600022', '242200001', 
	'Testing in diverse scenarios helps identify potential issues early.', 
	'EmojiLike', '2024-04-05 17:35:24'),
	('247700110', '246600022', '243300020', 
	'Validation in real-world scenarios is crucial for deployment success.', 
	'EmojiLike', '2024-04-05 17:35:24');

-- INSERT TABLE Evaluation
INSERT INTO Evaluation
VALUES 
    ('248800001', '246600001', '243300015', 
	'Comprehensive performance evaluation to assess employee contributions and areas for improvement.',
	75, 9.5, '2024-04-07', 1),
    ('248800002', '246600001', '243300016', '', 0, 0.0, '2024-04-07', 0),
    ('248800003', '246600001', '243300017', '', 0, 0.0, '2024-04-07', 0),
    ('248800004', '246600002', '243300015', 
	'Rigorous peer evaluation process designed to gather feedback from colleagues for professional development.',
	50, 8.75, '2024-04-07', 1),
    ('248800005', '246600002', '243300016', '', 0, 0.0, '2024-04-07', 0),
    ('248800006', '246600002', '243300017', '', 0, 0.0, '2024-04-07', 0),
    ('248800007', '246600003', '243300015', '', 0, 0.0, '2024-04-07', 0),
    ('248800008', '246600003', '243300016', '', 0, 0.0, '2024-04-07', 0),
    ('248800009', '246600003', '243300017', '', 0, 0.0, '2024-04-07', 0),
    ('248800010', '246600004', '243300015', '', 0, 0.0, '2024-04-06', 0),
    ('248800011', '246600004', '243300016', '', 0, 0.0, '2024-04-06', 0),
    ('248800012', '246600004', '243300017', '', 0, 0.0, '2024-04-06', 0),
    ('248800013', '246600005', '243300015', '', 0, 0.0, '2024-04-06', 0),
    ('248800014', '246600005', '243300016', '', 0, 0.0, '2024-04-06', 0),
    ('248800015', '246600005', '243300017', '', 0, 0.0, '2024-04-06', 0),
    ('248800016', '246600006', '243300015', '', 0, 0.0, '2024-04-05', 0),
    ('248800017', '246600006', '243300016', '', 0, 0.0, '2024-04-05', 0),
    ('248800018', '246600006', '243300017', '', 0, 0.0, '2024-04-05', 0),
    ('248800019', '246600007', '243300015', '', 0, 0.0, '2024-04-05', 0),
    ('248800020', '246600007', '243300016', '', 0, 0.0, '2024-04-05', 0),
    ('248800021', '246600007', '243300017', '', 0, 0.0, '2024-04-05', 0),
    ('248800022', '246600008', '243300015', '', 0, 0.0, '2024-04-04', 0),
    ('248800023', '246600008', '243300016', '', 0, 0.0, '2024-04-04', 0);

INSERT INTO Evaluation
VALUES 
    ('248800024', '246600008', '243300017', '', 0, 0.0, '2024-04-04', 0),
    ('248800025', '246600009', '243300002', 
	'Thorough customer satisfaction evaluation aimed at gauging client contentment and identifying areas for enhancement.', 
	75, 9.25, '2024-04-07', 1),
    ('248800026', '246600009', '243300018', '', 0, 0.0, '2024-04-07', 0),
    ('248800027', '246600009', '243300019', '', 0, 0.0, '2024-04-07', 0),
    ('248800028', '246600010', '243300002', 
	'Detailed productivity assessment to measure efficiency and effectiveness in achieving organizational goals.',
	50, 9.5, '2024-04-07', 1),
    ('248800029', '246600010', '243300018', '', 0, 0.0, '2024-04-07', 0),
    ('248800030', '246600010', '243300019', '', 0, 0.0, '2024-04-07', 0),
    ('248800031', '246600011', '243300002', '', 0, 0.0, '2024-04-07', 0),
    ('248800032', '246600011', '243300018', '', 0, 0.0, '2024-04-07', 0),
    ('248800033', '246600011', '243300019', '', 0, 0.0, '2024-04-07', 0),
    ('248800034', '246600012', '243300002', '', 0, 0.0, '2024-04-06', 0),
    ('248800035', '246600012', '243300018', '', 0, 0.0, '2024-04-06', 0),
    ('248800036', '246600012', '243300019', '', 0, 0.0, '2024-04-06', 0),
    ('248800037', '246600013', '243300002', '', 0, 0.0, '2024-04-06', 0),
    ('248800038', '246600013', '243300018', '', 0, 0.0, '2024-04-06', 0),
    ('248800039', '246600013', '243300019', '', 0, 0.0, '2024-04-06', 0),
    ('248800040', '246600014', '243300002', '', 0, 0.0, '2024-04-05', 0),
    ('248800041', '246600014', '243300018', '', 0, 0.0, '2024-04-05', 0),
    ('248800042', '246600014', '243300019', '', 0, 0.0, '2024-04-05', 0),
    ('248800043', '246600015', '243300002', '', 0, 0.0, '2024-04-05', 0),
    ('248800044', '246600015', '243300018', '', 0, 0.0, '2024-04-05', 0),
    ('248800045', '246600015', '243300019', '', 0, 0.0, '2024-04-05', 0),
    ('248800046', '246600016', '243300002', '', 0, 0.0, '2024-04-04', 0),
    ('248800047', '246600016', '243300018', '', 0, 0.0, '2024-04-04', 0),
    ('248800048', '246600016', '243300019', '', 0, 0.0, '2024-04-04', 0);

INSERT INTO Evaluation
VALUES 
    ('248800049', '246600017', '243300020', 
	'Strategic evaluation framework for assessing long-term goals and objectives.', 
	100, 8.25, '2024-04-07', 1), 
    ('248800050', '246600018', '243300020', 
	'Continuous performance evaluation system to provide ongoing feedback and support.', 
	100, 7.75, '2024-04-07', 1), 
    ('248800051', '246600019', '243300020', 
	'Multi-dimensional peer evaluation process incorporating various perspectives for a holistic view.', 
	100, 8.25, '2024-04-07', 1), 
    ('248800052', '246600020', '243300020', 
	'Quantitative customer satisfaction evaluation utilizing statistical analysis for data-driven insights.', 
	100, 7.75, '2024-04-07', 1), 
    ('248800053', '246600021', '243300020', 
	'Qualitative productivity assessment to explore factors influencing performance beyond numerical metrics.', 
	100, 8.0, '2024-04-07', 1), 
    ('248800054', '246600022', '243300020', 
	'Impact evaluation methodology to measure the broader effects and outcomes of interventions or programs.', 
	100, 8.25, '2024-04-07', 1);
	
INSERT INTO Evaluation
VALUES 
    ('248800055', '246600023', '243300014', 
	'Strategic evaluation framework for assessing long-term goals and objectives.', 
	100, 9.25, '2024-04-07', 1), 
    ('248800056', '246600024', '243300014', 
	'Continuous performance evaluation system to provide ongoing feedback and support.', 
	100, 9.75, '2024-04-07', 1), 
    ('248800057', '246600025', '243300014', 
	'Multi-dimensional peer evaluation process incorporating various perspectives for a holistic view.', 
	100, 9.25, '2024-04-07', 1), 
    ('248800058', '246600026', '243300014', 
	'Quantitative customer satisfaction evaluation utilizing statistical analysis for data-driven insights.', 
	100, 8.75, '2024-04-07', 1), 
    ('248800059', '246600027', '243300014', 
	'Qualitative productivity assessment to explore factors influencing performance beyond numerical metrics.', 
	100, 9.25, '2024-04-07', 1), 
    ('248800060', '246600028', '243300014', 
	'Impact evaluation methodology to measure the broader effects and outcomes of interventions or programs.', 
	100, 9.75, '2024-04-07', 1);

-- INSERT TABLE Notification
INSERT INTO Notification
VALUES
	('2499000001', '242200001', '243300002', '244400001', '244400001',
	'Chris Evans has suggested the [Enhancing Software Security Through Machine Learning] thesis to you', 
	'Thesis', '2024-04-12 19:12:05', 1, 0),
	('2499000002', '242200001', '243300002', '244400005', '246600009',
	'David Lee has created a [Research cloud storage solutions] task in the [Implementing cloud computing solutions for efficient data storage and processing] thesis', 
	'Task', '2024-04-07 08:15:25', 1, 0),
	('2499000003', '243300002', '242200001', '244400005', '248800025',
	'David Lee evaluated you in [Research cloud storage solutions] task', 
	'Evaluation', '2024-04-07 21:34:55', 0, 0),
	('2499000004', '243300002', '242200001', '244400005', '241100003',
	'[Agree on solution strategy] meeting was created by [David Lee]',
	'Meeting', '2024-05-07 19:35:15', 1, 0),
	('2499000005', '242200001', '243300002', '244400005', '247700043',
	'Chris Evans commeted [Reviewing potential cloud storage solutions for our needs.] about the [Research cloud storage solutions] task', 
	'Comment', '2024-04-05 17:35:24', 1, 1);

-- INSERT TABLE Technology

INSERT INTO Technology
VALUES
    ('SoftwareDevelopment', 'Spring (Java)'),
    ('SoftwareDevelopment', 'Django (Python)'),
    ('SoftwareDevelopment', 'Flask (Python)'),
    ('SoftwareDevelopment', 'React.js (JavaScript)'),
    ('SoftwareDevelopment', 'Angular (JavaScript/TypeScript)'),
    ('SoftwareDevelopment', 'Vue.js (JavaScript)'),
    ('SoftwareDevelopment', '.NET Framework (C#)'),
    ('SoftwareDevelopment', 'Ruby on Rails (Ruby)'),
    ('SoftwareDevelopment', 'Laravel (PHP)'),
    ('SoftwareDevelopment', 'Symfony (PHP)'),
    ('SoftwareDevelopment', 'SwiftUI (Swift)'),
    ('SoftwareDevelopment', 'Express.js (JavaScript)');

INSERT INTO Technology
VALUES
    ('Cybersecurity', 'Metasploit Framework'),
    ('Cybersecurity', 'Wireshark'),
    ('Cybersecurity', 'Snort'),
    ('Cybersecurity', 'Bro'),
    ('Cybersecurity', 'Suricata'),
    ('Cybersecurity', 'Nmap'),
    ('Cybersecurity', 'OpenVAS'),
    ('Cybersecurity', 'OSSEC'),
    ('Cybersecurity', 'YARA'),
    ('Cybersecurity', 'Burp Suite'),
    ('Cybersecurity', 'OWASP ZAP (Zed Attack Proxy)'),
    ('Cybersecurity', 'ModSecurity'),
    ('Cybersecurity', 'Security Onion'),
    ('Cybersecurity', 'SELinux (Security-Enhanced Linux)'),
    ('Cybersecurity', 'AppArmor'),
    ('Cybersecurity', 'Bro/Zeek'),
    ('Cybersecurity', 'Cuckoo Sandbox'),
    ('Cybersecurity', 'Hashcat'),
    ('Cybersecurity', 'Volatility Framework'),
    ('Cybersecurity', 'GRR Rapid Response'),
    ('Cybersecurity', 'MISP (Malware Information Sharing Platform & Threat Sharing)'),
    ('Cybersecurity', 'CyberChef'),
    ('Cybersecurity', 'BloodHound'),
    ('Cybersecurity', 'Sysmon');

INSERT INTO Technology
VALUES
    ('DataScienceAndAnalytics', 'Python (Python)'),
    ('DataScienceAndAnalytics', 'R (R)'),
    ('DataScienceAndAnalytics', 'SQL (Structured Query Language)'),
    ('DataScienceAndAnalytics', 'Apache Hadoop (Java)'),
    ('DataScienceAndAnalytics', 'Apache Spark (Scala, Python, R)'),
    ('DataScienceAndAnalytics', 'Apache Kafka (Scala)'),
    ('DataScienceAndAnalytics', 'Tableau'),
    ('DataScienceAndAnalytics', 'Power BI'),
    ('DataScienceAndAnalytics', 'Jupyter Notebook (Python, R)'),
    ('DataScienceAndAnalytics', 'Apache Flink (Java, Scala)'),
    ('DataScienceAndAnalytics', 'scikit-learn (Python)'),
    ('DataScienceAndAnalytics', 'TensorFlow (Python)'),
    ('DataScienceAndAnalytics', 'PyTorch (Python)'),
    ('DataScienceAndAnalytics', 'Apache Mahout (Java)'),
    ('DataScienceAndAnalytics', 'SAS'),
    ('DataScienceAndAnalytics', 'Microsoft Excel (VBA)');

INSERT INTO Technology
VALUES
    ('ArtificialIntelligenceAndMachineLearning', 'TensorFlow (Python)'),
    ('ArtificialIntelligenceAndMachineLearning', 'PyTorch (Python)'),
    ('ArtificialIntelligenceAndMachineLearning', 'Keras (Python)'),
    ('ArtificialIntelligenceAndMachineLearning', 'scikit-learn (Python)'),
    ('ArtificialIntelligenceAndMachineLearning', 'Apache Spark MLlib (Scala, Python)'),
    ('ArtificialIntelligenceAndMachineLearning', 'Microsoft Cognitive Toolkit (CNTK) (C++, C#, Python)'),
    ('ArtificialIntelligenceAndMachineLearning', 'OpenAI Gym (Python)'),
    ('ArtificialIntelligenceAndMachineLearning', 'IBM Watson (C++, Java, Python)'),
    ('ArtificialIntelligenceAndMachineLearning', 'Amazon SageMaker (Python)'),
    ('ArtificialIntelligenceAndMachineLearning', 'Google Cloud AI Platform (Python)'),
    ('ArtificialIntelligenceAndMachineLearning', 'Microsoft Azure Machine Learning (Python)'),
    ('ArtificialIntelligenceAndMachineLearning', 'H2O.ai (Java, R, Python)'),
    ('ArtificialIntelligenceAndMachineLearning', 'Caffe (C++, Python)'),
    ('ArtificialIntelligenceAndMachineLearning', 'MXNet (Python)'),
    ('ArtificialIntelligenceAndMachineLearning', 'Theano (Python)'),
    ('ArtificialIntelligenceAndMachineLearning', 'Deeplearning4j (Java, Scala)'),
    ('ArtificialIntelligenceAndMachineLearning', 'FastAI (Python)'),
    ('ArtificialIntelligenceAndMachineLearning', 'Accord.NET (C#, F#)'),
    ('ArtificialIntelligenceAndMachineLearning', 'Apache Mahout (Java)'),
    ('ArtificialIntelligenceAndMachineLearning', 'Weka (Java)');

INSERT INTO Technology
VALUES
    ('CloudComputing', 'Amazon Web Services (AWS)'),
    ('CloudComputing', 'Microsoft Azure'),
    ('CloudComputing', 'Google Cloud Platform (GCP)'),
    ('CloudComputing', 'IBM Cloud'),
    ('CloudComputing', 'Oracle Cloud'),
    ('CloudComputing', 'Alibaba Cloud'),
    ('CloudComputing', 'VMware Cloud'),
    ('CloudComputing', 'OpenStack'),
    ('CloudComputing', 'Docker'),
    ('CloudComputing', 'Kubernetes'),
    ('CloudComputing', 'Apache Mesos'),
    ('CloudComputing', 'Terraform'),
    ('CloudComputing', 'Ansible'),
    ('CloudComputing', 'Chef'),
    ('CloudComputing', 'Puppet'),
    ('CloudComputing', 'Apache Hadoop'),
    ('CloudComputing', 'Apache Spark'),
    ('CloudComputing', 'Apache Kafka'),
    ('CloudComputing', 'Apache Cassandra'),
    ('CloudComputing', 'Apache ZooKeeper'),
    ('CloudComputing', 'Microsoft Hyper-V'),
    ('CloudComputing', 'VMware vSphere');

INSERT INTO Technology
VALUES
    ('InternetOfThings', 'MQTT (Message Queuing Telemetry Transport)'),
    ('InternetOfThings', 'CoAP (Constrained Application Protocol)'),
    ('InternetOfThings', 'AMQP (Advanced Message Queuing Protocol)'),
    ('InternetOfThings', 'HTTP/HTTPS'),
    ('InternetOfThings', 'LoRa (Long Range)'),
    ('InternetOfThings', 'Zigbee'),
    ('InternetOfThings', 'Bluetooth Low Energy (BLE)'),
    ('InternetOfThings', 'Wi-Fi'),
    ('InternetOfThings', 'RFID (Radio-Frequency Identification)'),
    ('InternetOfThings', 'NFC (Near Field Communication)'),
    ('InternetOfThings', 'MQTT-SN (MQTT for Sensor Networks)'),
    ('InternetOfThings', 'AllJoyn'),
    ('InternetOfThings', 'HomeKit'),
    ('InternetOfThings', 'OpenThread'),
    ('InternetOfThings', 'Z-Wave'),
    ('InternetOfThings', 'Thread'),
    ('InternetOfThings', 'Sigfox'),
    ('InternetOfThings', 'NB-IoT (Narrowband IoT)'),
    ('InternetOfThings', 'LTE-M (Long-Term Evolution for Machines)'),
    ('InternetOfThings', 'MQTT over WebSocket'),
    ('InternetOfThings', 'Lightweight M2M (LwM2M)'),
    ('InternetOfThings', 'Contiki OS'),
    ('InternetOfThings', 'RIOT OS'),
    ('InternetOfThings', 'FreeRTOS'),
    ('InternetOfThings', 'Arduino'),
    ('InternetOfThings', 'Raspberry Pi'),
    ('InternetOfThings', 'ESP8266/ESP32'),
    ('InternetOfThings', 'Particle (formerly known as Spark)'),
    ('InternetOfThings', 'Microsoft Azure IoT Suite'),
    ('InternetOfThings', 'Google Cloud IoT Core'),
    ('InternetOfThings', 'AWS IoT Core'),
    ('InternetOfThings', 'IBM Watson IoT Platform');

INSERT INTO Technology
VALUES
    ('MobileDevelopment', 'Android SDK (Java, Kotlin)'),
    ('MobileDevelopment', 'iOS SDK (Swift, Objective-C)'),
    ('MobileDevelopment', 'React Native (JavaScript)'),
    ('MobileDevelopment', 'Flutter (Dart)'),
    ('MobileDevelopment', 'Xamarin (C#, .NET)'),
    ('MobileDevelopment', 'Ionic Framework (JavaScript, Angular, React)'),
    ('MobileDevelopment', 'Apache Cordova/PhoneGap (HTML, CSS, JavaScript)'),
    ('MobileDevelopment', 'Unity (C#, UnityScript)'),
    ('MobileDevelopment', 'NativeScript (JavaScript, TypeScript)'),
    ('MobileDevelopment', 'Appcelerator Titanium (JavaScript)'),
    ('MobileDevelopment', 'Corona SDK (Lua)'),
    ('MobileDevelopment', 'Qt (C++, QML)'),
    ('MobileDevelopment', 'Sencha Touch (JavaScript)'),
    ('MobileDevelopment', 'jQuery Mobile (JavaScript)'),
    ('MobileDevelopment', 'Kivy (Python)'),
    ('MobileDevelopment', 'Onsen UI (JavaScript)'),
    ('MobileDevelopment', 'Framework7 (HTML, CSS, JavaScript)'),
    ('MobileDevelopment', 'Firebase (BaaS - Backend as a Service)'),
    ('MobileDevelopment', 'Parse (BaaS - Backend as a Service)'),
    ('MobileDevelopment', 'AWS Mobile SDK (Amazon Web Services)'),
    ('MobileDevelopment', 'Microsoft Xamarin.Forms');

INSERT INTO Technology
VALUES
    ('WebDevelopment', 'HTML (Hypertext Markup Language)'),
    ('WebDevelopment', 'CSS (Cascading Style Sheets)'),
    ('WebDevelopment', 'JavaScript'),
    ('WebDevelopment', 'React.js'),
    ('WebDevelopment', 'Angular'),
    ('WebDevelopment', 'Vue.js'),
    ('WebDevelopment', 'jQuery'),
    ('WebDevelopment', 'Bootstrap'),
    ('WebDevelopment', 'Sass (Syntactically Awesome Stylesheets)'),
    ('WebDevelopment', 'LESS'),
    ('WebDevelopment', 'Node.js'),
    ('WebDevelopment', 'Express.js'),
    ('WebDevelopment', 'Django (Python)'),
    ('WebDevelopment', 'Flask (Python)'),
    ('WebDevelopment', 'Ruby on Rails (Ruby)'),
    ('WebDevelopment', 'Laravel (PHP)'),
    ('WebDevelopment', 'Symfony (PHP)'),
    ('WebDevelopment', 'ASP.NET (C#)'),
    ('WebDevelopment', 'Spring (Java)'),
    ('WebDevelopment', 'WordPress (PHP)'),
    ('WebDevelopment', 'Drupal (PHP)'),
    ('WebDevelopment', 'Joomla (PHP)'),
    ('WebDevelopment', 'Shopify (Ruby)'),
    ('WebDevelopment', 'Magento (PHP)'),
    ('WebDevelopment', 'MEAN stack (MongoDB, Express.js, Angular, Node.js)'),
    ('WebDevelopment', 'MERN stack (MongoDB, Express.js, React.js, Node.js)'),
    ('WebDevelopment', 'LAMP stack (Linux, Apache, MySQL, PHP)'),
    ('WebDevelopment', 'WAMP stack (Windows, Apache, MySQL, PHP)'),
    ('WebDevelopment', 'XAMPP stack (Cross-Platform, Apache, MySQL, PHP, Perl)'),
    ('WebDevelopment', 'Serverless Framework'),
    ('WebDevelopment', 'Flask (Python)'),
    ('WebDevelopment', 'Pyramid (Python)'),
    ('WebDevelopment', 'ASP.NET MVC (C#)'),
    ('WebDevelopment', 'Ruby on Rails (Ruby)'),
    ('WebDevelopment', 'Laravel (PHP)'),
    ('WebDevelopment', 'Django (Python)'),
    ('WebDevelopment', 'Express.js (JavaScript)'),
    ('WebDevelopment', 'Next.js (JavaScript)'),
    ('WebDevelopment', 'Nuxt.js (JavaScript)'),
    ('WebDevelopment', 'Gatsby (JavaScript)'),
    ('WebDevelopment', 'Svelte (JavaScript)'),
    ('WebDevelopment', 'Strapi (JavaScript)'),
    ('WebDevelopment', 'FastAPI (Python)'),
    ('WebDevelopment', 'Falcon (Python)'),
    ('WebDevelopment', 'Hapi.js (JavaScript)'),
    ('WebDevelopment', 'NestJS (JavaScript/TypeScript)'),
    ('WebDevelopment', 'Bottle (Python)'),
    ('WebDevelopment', 'CherryPy (Python)'),
    ('WebDevelopment', 'Zend Framework (PHP)'),
    ('WebDevelopment', 'CakePHP (PHP)'),
    ('WebDevelopment', 'CodeIgniter (PHP)'),
    ('WebDevelopment', 'Symfony (PHP)'),
    ('WebDevelopment', 'Yii (PHP)'),
    ('WebDevelopment', 'Play Framework (Java)'),
    ('WebDevelopment', 'Grails (Groovy)'),
    ('WebDevelopment', 'Dropwizard (Java)'),
    ('WebDevelopment', 'Spark (Java)'),
    ('WebDevelopment', 'Flask (Python)'),
    ('WebDevelopment', 'Pyramid (Python)');

INSERT INTO Technology
VALUES
    ('BlockchainTechnology', 'Ethereum'),
    ('BlockchainTechnology', 'Hyperledger Fabric'),
    ('BlockchainTechnology', 'Corda'),
    ('BlockchainTechnology', 'Stellar'),
    ('BlockchainTechnology', 'Ripple'),
    ('BlockchainTechnology', 'Truffle Framework'),
    ('BlockchainTechnology', 'Ganache'),
    ('BlockchainTechnology', 'Web3.js'),
    ('BlockchainTechnology', 'Solidity'),
    ('BlockchainTechnology', 'Remix IDE'),
    ('BlockchainTechnology', 'Geth (Go Ethereum)'),
    ('BlockchainTechnology', 'Parity Ethereum'),
    ('BlockchainTechnology', 'Quorum'),
    ('BlockchainTechnology', 'EOS.IO'),
    ('BlockchainTechnology', 'NEO'),
    ('BlockchainTechnology', 'Monero'),
    ('BlockchainTechnology', 'Tezos'),
    ('BlockchainTechnology', 'Zcash'),
    ('BlockchainTechnology', 'Bitcoin Core'),
    ('BlockchainTechnology', 'BitcoinJ'),
    ('BlockchainTechnology', 'EOS Smart Contract Development Kit (EOS SDK)'),
    ('BlockchainTechnology', 'Hyperledger Composer'),
    ('BlockchainTechnology', 'MultiChain'),
    ('BlockchainTechnology', 'BigchainDB'),
    ('BlockchainTechnology', 'Sawtooth Lake (Hyperledger Sawtooth)'),
    ('BlockchainTechnology', 'IOTA'),
    ('BlockchainTechnology', 'Waves Platform'),
    ('BlockchainTechnology', 'Cardano'),
    ('BlockchainTechnology', 'Ontology'),
    ('BlockchainTechnology', 'VeChainThor'),
    ('BlockchainTechnology', 'NEM'),
    ('BlockchainTechnology', 'Avalanche'),
    ('BlockchainTechnology', 'AvalancheGo'),
    ('BlockchainTechnology', 'AvalancheJS'),
    ('BlockchainTechnology', 'Avalanche Web3'),
    ('BlockchainTechnology', 'Avalanche Explorer'),
    ('BlockchainTechnology', 'Avalanche Wallet'),
    ('BlockchainTechnology', 'AvalancheIPFS');

INSERT INTO Technology
VALUES
    ('HumanComputerInteraction', 'HTML (Hypertext Markup Language)'),
    ('HumanComputerInteraction', 'CSS (Cascading Style Sheets)'),
    ('HumanComputerInteraction', 'JavaScript'),
    ('HumanComputerInteraction', 'React.js'),
    ('HumanComputerInteraction', 'Angular'),
    ('HumanComputerInteraction', 'Vue.js'),
    ('HumanComputerInteraction', 'jQuery'),
    ('HumanComputerInteraction', 'Bootstrap'),
    ('HumanComputerInteraction', 'Sass (Syntactically Awesome Stylesheets)'),
    ('HumanComputerInteraction', 'LESS'),
    ('HumanComputerInteraction', 'Node.js'),
    ('HumanComputerInteraction', 'Electron'),
    ('HumanComputerInteraction', 'Flutter'),
    ('HumanComputerInteraction', 'Xamarin'),
    ('HumanComputerInteraction', 'Unity'),
    ('HumanComputerInteraction', 'Unreal Engine'),
    ('HumanComputerInteraction', 'OpenGL'),
    ('HumanComputerInteraction', 'DirectX'),
    ('HumanComputerInteraction', 'Three.js'),
    ('HumanComputerInteraction', 'A-Frame (WebVR framework)'),
    ('HumanComputerInteraction', 'ARKit (Apple Augmented Reality framework)'),
    ('HumanComputerInteraction', 'ARCore (Google Augmented Reality framework)'),
    ('HumanComputerInteraction', 'Oculus SDK'),
    ('HumanComputerInteraction', 'HTC Vive SDK'),
    ('HumanComputerInteraction', 'Windows Mixed Reality SDK'),
    ('HumanComputerInteraction', 'Leap Motion SDK'),
    ('HumanComputerInteraction', 'Kinect SDK'),
    ('HumanComputerInteraction', 'Framer'),
    ('HumanComputerInteraction', 'Adobe XD'),
    ('HumanComputerInteraction', 'Sketch'),
    ('HumanComputerInteraction', 'Figma'),
    ('HumanComputerInteraction', 'InVision'),
    ('HumanComputerInteraction', 'Balsamiq Mockups'),
    ('HumanComputerInteraction', 'Axure RP'),
    ('HumanComputerInteraction', 'Usability Testing'),
    ('HumanComputerInteraction', 'User Interviews'),
    ('HumanComputerInteraction', 'Surveys'),
    ('HumanComputerInteraction', 'Eye Tracking'),
    ('HumanComputerInteraction', 'A/B Testing'),
    ('HumanComputerInteraction', 'Heatmaps'),
    ('HumanComputerInteraction', 'Click Maps'),
    ('HumanComputerInteraction', 'Scroll Maps'),
    ('HumanComputerInteraction', 'Interaction Design Patterns');

INSERT INTO Technology
VALUES
    ('ComputerNetworking', 'TCP/IP'),
    ('ComputerNetworking', 'Ethernet'),
    ('ComputerNetworking', 'Wi-Fi'),
    ('ComputerNetworking', 'HTTP/HTTPS'),
    ('ComputerNetworking', 'DNS (Domain Name System)'),
    ('ComputerNetworking', 'DHCP (Dynamic Host Configuration Protocol)'),
    ('ComputerNetworking', 'SNMP (Simple Network Management Protocol)'),
    ('ComputerNetworking', 'VLAN (Virtual Local Area Network)'),
    ('ComputerNetworking', 'VPN (Virtual Private Network)'),
    ('ComputerNetworking', 'SSL/TLS (Secure Sockets Layer/Transport Layer Security)'),
    ('ComputerNetworking', 'IPsec (Internet Protocol Security)'),
    ('ComputerNetworking', 'NAT (Network Address Translation)'),
    ('ComputerNetworking', 'BGP (Border Gateway Protocol)'),
    ('ComputerNetworking', 'OSPF (Open Shortest Path First)'),
    ('ComputerNetworking', 'MPLS (Multiprotocol Label Switching)'),
    ('ComputerNetworking', 'IPv4 và IPv6'),
    ('ComputerNetworking', 'ICMP (Internet Control Message Protocol)'),
    ('ComputerNetworking', 'ARP (Address Resolution Protocol)'),
    ('ComputerNetworking', 'VLAN (Virtual Local Area Network)'),
    ('ComputerNetworking', 'STP (Spanning Tree Protocol)'),
    ('ComputerNetworking', 'SSH (Secure Shell)'),
    ('ComputerNetworking', 'Telnet'),
    ('ComputerNetworking', 'FTP (File Transfer Protocol)'),
    ('ComputerNetworking', 'SMTP (Simple Mail Transfer Protocol)'),
    ('ComputerNetworking', 'POP3 (Post Office Protocol version 3)'),
    ('ComputerNetworking', 'IMAP (Internet Message Access Protocol)'),
    ('ComputerNetworking', 'SIP (Session Initiation Protocol)'),
    ('ComputerNetworking', 'RTP (Real-time Transport Protocol)'),
    ('ComputerNetworking', 'VoIP (Voice over Internet Protocol)'),
    ('ComputerNetworking', 'SDN (Software-Defined Networking)'),
    ('ComputerNetworking', 'OpenFlow'),
    ('ComputerNetworking', 'VXLAN (Virtual Extensible LAN)'),
    ('ComputerNetworking', 'Docker Networking'),
    ('ComputerNetworking', 'Kubernetes Networking'),
    ('ComputerNetworking', 'SD-WAN (Software-Defined Wide Area Network)'),
    ('ComputerNetworking', 'Network Function Virtualization (NFV)'),
    ('ComputerNetworking', 'Wireshark (Network Protocol Analyzer)'),
    ('ComputerNetworking', 'Cisco Packet Tracer'),
    ('ComputerNetworking', 'GNS3 (Graphical Network Simulator-3)'),
    ('ComputerNetworking', 'Ansible'),
    ('ComputerNetworking', 'Puppet'),
    ('ComputerNetworking', 'Chef'),
    ('ComputerNetworking', 'SaltStack');

INSERT INTO Technology
VALUES
    ('VirtualRealityAndAugmentedReality', 'Unity (C#, UnityScript)'),
    ('VirtualRealityAndAugmentedReality', 'Unreal Engine (C++, Blueprint)'),
    ('VirtualRealityAndAugmentedReality', 'Google VR SDK'),
    ('VirtualRealityAndAugmentedReality', 'Oculus SDK'),
    ('VirtualRealityAndAugmentedReality', 'HTC Vive SDK'),
    ('VirtualRealityAndAugmentedReality', 'Windows Mixed Reality SDK'),
    ('VirtualRealityAndAugmentedReality', 'ARKit (Apple Augmented Reality framework)'),
    ('VirtualRealityAndAugmentedReality', 'ARCore (Google Augmented Reality framework)'),
    ('VirtualRealityAndAugmentedReality', 'Vuforia'),
    ('VirtualRealityAndAugmentedReality', 'Wikitude'),
    ('VirtualRealityAndAugmentedReality', 'Kudan'),
    ('VirtualRealityAndAugmentedReality', 'Maxst'),
    ('VirtualRealityAndAugmentedReality', 'EasyAR'),
    ('VirtualRealityAndAugmentedReality', 'OpenCV'),
    ('VirtualRealityAndAugmentedReality', 'A-Frame (WebVR framework)'),
    ('VirtualRealityAndAugmentedReality', 'Three.js'),
    ('VirtualRealityAndAugmentedReality', 'WebXR'),
    ('VirtualRealityAndAugmentedReality', 'Oculus Rift'),
    ('VirtualRealityAndAugmentedReality', 'HTC Vive'),
    ('VirtualRealityAndAugmentedReality', 'Microsoft HoloLens'),
    ('VirtualRealityAndAugmentedReality', 'Magic Leap'),
    ('VirtualRealityAndAugmentedReality', 'Samsung Gear VR'),
    ('VirtualRealityAndAugmentedReality', 'Google Cardboard'),
    ('VirtualRealityAndAugmentedReality', 'Meta AR Glasses'),
    ('VirtualRealityAndAugmentedReality', 'Leap Motion SDK'),
    ('VirtualRealityAndAugmentedReality', 'Kinect SDK'),
    ('VirtualRealityAndAugmentedReality', 'OSVR (Open-Source Virtual Reality)'),
    ('VirtualRealityAndAugmentedReality', 'SteamVR'),
    ('VirtualRealityAndAugmentedReality', 'AltspaceVR'),
    ('VirtualRealityAndAugmentedReality', 'Mozilla Hubs'),
    ('VirtualRealityAndAugmentedReality', 'SpatialOS'),
    ('VirtualRealityAndAugmentedReality', 'Microsoft Mixed Reality Toolkit (MRTK)'),
    ('VirtualRealityAndAugmentedReality', 'Zappar'),
    ('VirtualRealityAndAugmentedReality', 'Spark AR (formerly Facebook AR Studio)'),
    ('VirtualRealityAndAugmentedReality', 'Lens Studio (Snapchat)'),
    ('VirtualRealityAndAugmentedReality', 'Unity MARS (Mixed and Augmented Reality Studio)'),
    ('VirtualRealityAndAugmentedReality', 'AR Foundation (Unity)'),
    ('VirtualRealityAndAugmentedReality', 'ARCore Extensions (Unity)'),
    ('VirtualRealityAndAugmentedReality', 'ARKit XR Plugin (Unity)');

INSERT INTO Technology
VALUES
    ('BigData', 'Hadoop'),
    ('BigData', 'Apache Spark'),
    ('BigData', 'Apache Kafka'),
    ('BigData', 'Apache HBase'),
    ('BigData', 'Apache Hive'),
    ('BigData', 'Apache Pig'),
    ('BigData', 'Apache Cassandra'),
    ('BigData', 'Apache Flink'),
    ('BigData', 'Apache Storm'),
    ('BigData', 'Apache ZooKeeper'),
    ('BigData', 'Apache Beam'),
    ('BigData', 'Apache Sqoop'),
    ('BigData', 'Apache Mahout'),
    ('BigData', 'Apache Drill'),
    ('BigData', 'HDFS (Hadoop Distributed File System)'),
    ('BigData', 'MapReduce'),
    ('BigData', 'YARN (Yet Another Resource Negotiator)'),
    ('BigData', 'Hadoop MapReduce'),
    ('BigData', 'Spark SQL'),
    ('BigData', 'Spark Streaming'),
    ('BigData', 'MLlib (Spark Machine Learning Library)'),
    ('BigData', 'GraphX (Spark Graph Processing Library)'),
    ('BigData', 'Structured Streaming'),
    ('BigData', 'Kafka Streams'),
    ('BigData', 'Apache NiFi'),
    ('BigData', 'Presto'),
    ('BigData', 'Druid'),
    ('BigData', 'Elasticsearch'),
    ('BigData', 'MongoDB'),
    ('BigData', 'Couchbase'),
    ('BigData', 'Redis'),
    ('BigData', 'Google BigQuery'),
    ('BigData', 'Amazon Redshift'),
    ('BigData', 'Microsoft Azure HDInsight'),
    ('BigData', 'Cloudera'),
    ('BigData', 'Hortonworks'),
    ('BigData', 'MapR'),
    ('BigData', 'Databricks'),
    ('BigData', 'Snowflake'),
    ('BigData', 'Teradata'),
    ('BigData', 'IBM BigInsights'),
    ('BigData', 'Oracle Big Data Appliance');

INSERT INTO Technology
VALUES
    ('QuantumComputing', 'Qiskit (Python)'),
    ('QuantumComputing', 'IBM Quantum Experience'),
    ('QuantumComputing', 'Cirq (Python)'),
    ('QuantumComputing', 'OpenQASM'),
    ('QuantumComputing', 'Quipper'),
    ('QuantumComputing', 'ProjectQ (Python)'),
    ('QuantumComputing', 'Q# (Microsoft Quantum Development Kit)'),
    ('QuantumComputing', 'QuTiP (Quantum Toolbox in Python)'),
    ('QuantumComputing', 'Qiskit Aqua'),
    ('QuantumComputing', 'Rigetti Forest (Python)'),
    ('QuantumComputing', 'PyQuil (Python)'),
    ('QuantumComputing', 'Microsoft Quantum Development Kit (Q#)'),
    ('QuantumComputing', 'Quirk'),
    ('QuantumComputing', 'PennyLane'),
    ('QuantumComputing', 'QDK (Quantum Development Kit)'),
    ('QuantumComputing', 'Strawberry Fields'),
    ('QuantumComputing', 'Qiskit Ignis'),
    ('QuantumComputing', 'Quantum Development Environment (QDE)'),
    ('QuantumComputing', 'Quipper'),
    ('QuantumComputing', 'Qiskit Terra'),
    ('QuantumComputing', 'Xanadu PennyLane'),
    ('QuantumComputing', 'Atos Quantum Learning Machine'),
    ('QuantumComputing', 'D-Wave Ocean SDK'),
    ('QuantumComputing', 'Qiskit Aer'),
    ('QuantumComputing', 'QC Ware Forge'),
    ('QuantumComputing', 'IonQ Quantum Cloud Services'),
    ('QuantumComputing', 'AQT (Alpine Quantum Technologies)'),
    ('QuantumComputing', 'Honeywell Quantum Solutions'),
    ('QuantumComputing', 'Toshiba Quantum Key Distribution Network'),
    ('QuantumComputing', 'Alibaba Quantum Computing Laboratory'),
    ('QuantumComputing', 'Google Sycamore'),
    ('QuantumComputing', 'Rigetti Aspen'),
    ('QuantumComputing', 'IBM Q System One');

INSERT INTO Technology
VALUES
    ('Bioinformatics', 'BLAST (Basic Local Alignment Search Tool)'),
    ('Bioinformatics', 'Bioconductor (R)'),
    ('Bioinformatics', 'EMBOSS (The European Molecular Biology Open Software Suite)'),
    ('Bioinformatics', 'SAMtools (Sequence Alignment/Map)'),
    ('Bioinformatics', 'Biopython (Python)'),
    ('Bioinformatics', 'Bioperl (Perl)'),
    ('Bioinformatics', 'Bioperl-db (Perl)'),
    ('Bioinformatics', 'Bioperl-run (Perl)'),
    ('Bioinformatics', 'Bioperl-gui (Perl)'),
    ('Bioinformatics', 'Biopython (Python)'),
    ('Bioinformatics', 'BioJava (Java)'),
    ('Bioinformatics', 'Galaxy'),
    ('Bioinformatics', 'GenBank'),
    ('Bioinformatics', 'NCBI (National Center for Biotechnology Information) Toolkit'),
    ('Bioinformatics', 'UCSC Genome Browser'),
    ('Bioinformatics', 'Ensembl'),
    ('Bioinformatics', 'STRING (Search Tool for the Retrieval of Interacting Genes/Proteins)'),
    ('Bioinformatics', 'KEGG (Kyoto Encyclopedia of Genes and Genomes)'),
    ('Bioinformatics', 'UniProt (Universal Protein Resource)'),
    ('Bioinformatics', 'PDB (Protein Data Bank)'),
    ('Bioinformatics', 'PubMed'),
    ('Bioinformatics', 'ExPASy (Expert Protein Analysis System)'),
    ('Bioinformatics', 'ClustalW'),
    ('Bioinformatics', 'MUSCLE (Multiple Sequence Comparison by Log-Expectation)'),
    ('Bioinformatics', 'PHYLIP (Phylogeny Inference Package)'),
    ('Bioinformatics', 'RAxML (Randomized Axelerated Maximum Likelihood)'),
    ('Bioinformatics', 'MrBayes'),
    ('Bioinformatics', 'SPAdes (St. Petersburg genome assembler)'),
    ('Bioinformatics', 'Trinity'),
    ('Bioinformatics', 'Velvet'),
    ('Bioinformatics', 'Bowtie'),
    ('Bioinformatics', 'BWA (Burrows-Wheeler Aligner)'),
    ('Bioinformatics', 'SOAPdenovo'),
    ('Bioinformatics', 'MEGA (Molecular Evolutionary Genetics Analysis)'),
    ('Bioinformatics', 'Jalview'),
    ('Bioinformatics', 'Artemis'),
    ('Bioinformatics', 'IGV (Integrative Genomics Viewer)'),
    ('Bioinformatics', 'DDBJ (DNA Data Bank of Japan)'),
    ('Bioinformatics', 'T-Coffee'),
    ('Bioinformatics', 'RAST (Rapid Annotation using Subsystem Technology)'),
    ('Bioinformatics', 'HMMER (profile Hidden Markov Models)'),
    ('Bioinformatics', 'InterPro'),
    ('Bioinformatics', 'MEME (Multiple Em for Motif Elicitation)'),
    ('Bioinformatics', 'MAFFT (Multiple Alignment using Fast Fourier Transform)'),
    ('Bioinformatics', 'TCDB (Transporter Classification Database)'),
    ('Bioinformatics', 'BWA (Burrows-Wheeler Aligner)'),
    ('Bioinformatics', 'Bowtie'),
    ('Bioinformatics', 'Velvet'),
    ('Bioinformatics', 'SOAPdenovo');




